arm,batch,GEMM,full_attention,GDN,other,kernel_sum_ms,gpu_span_median_ms,model_forward_median_ms,HTTP_TPOT_ms,steady_SSE_ITL_median_ms
default,1,3.465392299999999,0.19124372500000006,0.20056175000000018,0.283369175,4.140566949999999,4.2267353515625,3.3998310546875,4.173360809495484,4.162371973507106
default,16,3.5829965499999985,1.0943600999999998,0.8377516000000002,0.2919333000000002,5.807041549999999,5.9023808593750005,5.10968359375,6.384618437541263,5.854784976691008
default,32,3.5991949000000014,2.0862559999999997,1.7014659499999993,0.3326225250000001,7.719539375000001,7.80257763671875,6.981127929687499,8.890329598619346,7.771622505970299
norm_quant,1,3.46322085,0.190655225,0.20010482500000015,0.24442877500000004,4.098409675,4.1711845703125,3.344873046875,4.130890955890582,4.12130611948669
norm_quant,16,3.5843288499999977,1.0945040750000001,0.8372661999999998,0.26274097500000027,5.778840099999998,5.855708984375,5.06187548828125,6.350886511163217,5.810798960737884
norm_quant,32,3.598905075000001,2.0853648750000002,1.708482574999999,0.2928094250000001,7.68556195,7.76513671875,6.94268017578125,8.856907851398093,7.7389024663716555
norm_quant_pdl,1,3.4794666250000015,0.19258955,0.20458927500000007,0.3141429750000001,4.190788425000002,4.0509619140624995,3.2239453124999997,4.016458675573578,4.002050147391856
norm_quant_pdl,16,3.6240844749999988,1.094679375,0.8430859250000001,1.374899575,6.936749349999998,5.74511767578125,4.95093212890625,6.2379136829629855,5.705337505787611
norm_quant_pdl,32,3.674757950000001,2.0861869250000002,1.7066482,1.3897348000000003,8.857327875000001,7.6586572265625,6.83703125,8.764034898648452,7.646791054867208
nvfp4_head_pdl,1,2.8930984000000004,0.19258199999999998,0.20322815000000002,0.3810209750000002,3.6699295250000006,3.52382763671875,3.24933642578125,3.488978934882928,3.4755493979901075
nvfp4_head_pdl,16,3.070357875,1.09344645,0.8422694250000001,1.447345550000001,6.453419300000002,5.2530869140625,4.9659711914062505,5.7654844855906076,5.2291289903223515
nvfp4_head_pdl,32,3.0891721750000016,2.0842799750000007,1.718846875,1.4799612249999998,8.372260250000002,7.16522119140625,6.85631298828125,8.279880831369782,7.148106582462788
pdl,1,3.4773289750000003,0.19254250000000003,0.2034301000000001,0.3530708250000002,4.226372400000001,4.07750634765625,3.2505537109375,4.043963006587279,4.0314559591934085
pdl,16,3.6040597749999987,1.0954842000000002,0.846430375,1.4155355250000006,6.961509875,5.7622685546875,4.969651367187501,6.260565257095817,5.728524876758456
pdl,32,3.6555654750000004,2.0855013000000002,1.7056860749999998,1.4520212999999997,8.89877415,7.6858720703125,6.86160791015625,8.783116864062459,7.661193492822349
