phase,arm,batch,component,ms,calls,basis
decode,default,1,other/embedding_SwiGLU_sampling_scheduler_misc,0.030500324999999957,16.0,per decode step
decode,default,1,other/residual_RMSNorm,0.08727854999999993,65.0,per decode step
decode,default,1,other/activation_quantization,0.1385294749999958,96.0,per decode step
decode,default,1,GEMM/MXFP8_projections,2.599156075000001,128.0,per decode step
decode,default,1,GEMM/BF16_BA_projection,0.06533759999999997,24.0,per decode step
decode,default,1,GDN/copies_zero_layout,0.016210600000000002,24.0,per decode step
decode,default,1,GDN/causal_conv,0.047505074999999654,24.0,per decode step
decode,default,1,GDN/recurrence,0.10969317500000057,24.0,per decode step
decode,default,1,GDN/gated_RMSNorm,0.02715290000000007,24.0,per decode step
decode,default,1,other/fused_SwiGLU_quantization,0.027060825000000194,32.0,per decode step
decode,default,1,full_attention/QK_norm_RoPE_KV_cache_gate_layout,0.03185450000000003,24.0,per decode step
decode,default,1,full_attention/attention_core,0.1593892249999998,16.0,per decode step
decode,default,1,GEMM/BF16_lm_head,0.8008986250000001,1.0,per decode step
decode,default,16,other/embedding_SwiGLU_sampling_scheduler_misc,0.030940825000000005,16.0,per decode step
decode,default,16,other/residual_RMSNorm,0.08644362500000034,65.0,per decode step
decode,default,16,other/activation_quantization,0.1448328749999957,96.0,per decode step
decode,default,16,GEMM/MXFP8_projections,2.705471100000012,128.0,per decode step
decode,default,16,GEMM/BF16_BA_projection,0.11087404999999799,48.0,per decode step
decode,default,16,GDN/copies_zero_layout,0.1304683499999967,96.0,per decode step
decode,default,16,GDN/causal_conv,0.05641542500000003,24.0,per decode step
decode,default,16,GDN/recurrence,0.6147126750000004,24.0,per decode step
decode,default,16,GDN/gated_RMSNorm,0.03615515000000015,24.0,per decode step
decode,default,16,other/fused_SwiGLU_quantization,0.029715975000000366,32.0,per decode step
decode,default,16,full_attention/QK_norm_RoPE_KV_cache_gate_layout,0.03817530000000012,24.0,per decode step
decode,default,16,full_attention/attention_core,1.0561848000000007,16.0,per decode step
decode,default,16,GEMM/BF16_lm_head,0.7666513999999999,1.0,per decode step
decode,default,32,other/embedding_SwiGLU_sampling_scheduler_misc,0.03872910000000002,16.0,per decode step
decode,default,32,other/residual_RMSNorm,0.10843267500000028,65.0,per decode step
decode,default,32,other/activation_quantization,0.14680894999999416,96.0,per decode step
decode,default,32,GEMM/MXFP8_projections,2.701233075,128.0,per decode step
decode,default,32,GEMM/BF16_BA_projection,0.11091447500000078,48.0,per decode step
decode,default,32,GDN/copies_zero_layout,0.13651994999999723,96.0,per decode step
decode,default,32,GDN/causal_conv,0.0775828250000003,24.0,per decode step
decode,default,32,GDN/recurrence,1.4453562749999997,24.0,per decode step
decode,default,32,GDN/gated_RMSNorm,0.0420069,24.0,per decode step
decode,default,32,other/fused_SwiGLU_quantization,0.03865179999999963,32.0,per decode step
decode,default,32,full_attention/QK_norm_RoPE_KV_cache_gate_layout,0.041539625000000045,24.0,per decode step
decode,default,32,full_attention/attention_core,2.0447163750000006,16.0,per decode step
decode,default,32,GEMM/BF16_lm_head,0.7870473499999999,1.0,per decode step
decode,norm_quant,1,other/embedding_SwiGLU_sampling_scheduler_misc,0.030673950000000033,16.0,per decode step
decode,norm_quant,1,other/residual_RMSNorm,0.044456749999999955,33.0,per decode step
decode,norm_quant,1,other/activation_quantization,0.09274915000000346,64.0,per decode step
decode,norm_quant,1,GEMM/MXFP8_projections,2.597377074999988,128.0,per decode step
decode,norm_quant,1,GEMM/BF16_BA_projection,0.06494897500000005,24.0,per decode step
decode,norm_quant,1,GDN/copies_zero_layout,0.016361900000000033,24.0,per decode step
decode,norm_quant,1,GDN/causal_conv,0.047245824999999714,24.0,per decode step
decode,norm_quant,1,GDN/recurrence,0.10931590000000031,24.0,per decode step
decode,norm_quant,1,GDN/gated_RMSNorm,0.0271812000000001,24.0,per decode step
decode,norm_quant,1,other/fused_residual_RMSNorm_quantization,0.04951432499999969,32.0,per decode step
decode,norm_quant,1,other/fused_SwiGLU_quantization,0.027034600000000224,32.0,per decode step
decode,norm_quant,1,full_attention/QK_norm_RoPE_KV_cache_gate_layout,0.03182365000000008,24.0,per decode step
decode,norm_quant,1,full_attention/attention_core,0.1588315749999998,16.0,per decode step
decode,norm_quant,1,GEMM/BF16_lm_head,0.8008948,1.0,per decode step
decode,norm_quant,16,other/embedding_SwiGLU_sampling_scheduler_misc,0.03375570000000004,16.0,per decode step
decode,norm_quant,16,other/residual_RMSNorm,0.04669130000000059,33.0,per decode step
decode,norm_quant,16,other/activation_quantization,0.09764987500000291,64.0,per decode step
decode,norm_quant,16,GEMM/MXFP8_projections,2.7068255500000133,128.0,per decode step
decode,norm_quant,16,GEMM/BF16_BA_projection,0.11059507499999788,48.0,per decode step
decode,norm_quant,16,GDN/copies_zero_layout,0.12966864999999705,96.0,per decode step
decode,norm_quant,16,GDN/causal_conv,0.05610544999999998,24.0,per decode step
decode,norm_quant,16,GDN/recurrence,0.6152907750000001,24.0,per decode step
decode,norm_quant,16,GDN/gated_RMSNorm,0.03620132500000017,24.0,per decode step
decode,norm_quant,16,other/fused_residual_RMSNorm_quantization,0.05513344999999992,32.0,per decode step
decode,norm_quant,16,other/fused_SwiGLU_quantization,0.02951065000000031,32.0,per decode step
decode,norm_quant,16,full_attention/QK_norm_RoPE_KV_cache_gate_layout,0.038423300000000084,24.0,per decode step
decode,norm_quant,16,full_attention/attention_core,1.0560807749999992,16.0,per decode step
decode,norm_quant,16,GEMM/BF16_lm_head,0.766908225,1.0,per decode step
decode,norm_quant,32,other/embedding_SwiGLU_sampling_scheduler_misc,0.03894765000000008,16.0,per decode step
decode,norm_quant,32,other/residual_RMSNorm,0.05118160000000034,33.0,per decode step
decode,norm_quant,32,other/activation_quantization,0.09895357500000171,64.0,per decode step
decode,norm_quant,32,GEMM/MXFP8_projections,2.7007908999999977,128.0,per decode step
decode,norm_quant,32,GEMM/BF16_BA_projection,0.11067267500000078,48.0,per decode step
decode,norm_quant,32,GDN/copies_zero_layout,0.13974559999999703,96.0,per decode step
decode,norm_quant,32,GDN/causal_conv,0.07751860000000013,24.0,per decode step
decode,norm_quant,32,GDN/recurrence,1.4497978250000014,24.0,per decode step
decode,norm_quant,32,GDN/gated_RMSNorm,0.04142055000000002,24.0,per decode step
decode,norm_quant,32,other/fused_residual_RMSNorm_quantization,0.06527537499999997,32.0,per decode step
decode,norm_quant,32,other/fused_SwiGLU_quantization,0.03845122499999966,32.0,per decode step
decode,norm_quant,32,full_attention/QK_norm_RoPE_KV_cache_gate_layout,0.042141400000000044,24.0,per decode step
decode,norm_quant,32,full_attention/attention_core,2.043223475,16.0,per decode step
decode,norm_quant,32,GEMM/BF16_lm_head,0.7874415000000002,1.0,per decode step
decode,norm_quant_pdl,1,other/embedding_SwiGLU_sampling_scheduler_misc,0.030381900000000028,16.0,per decode step
decode,norm_quant_pdl,1,other/residual_RMSNorm,0.06544334999999983,33.0,per decode step
decode,norm_quant_pdl,1,other/activation_quantization,0.10383537499999658,64.0,per decode step
decode,norm_quant_pdl,1,GEMM/MXFP8_projections,2.6125952249999993,128.0,per decode step
decode,norm_quant_pdl,1,GEMM/BF16_BA_projection,0.06548547500000017,24.0,per decode step
decode,norm_quant_pdl,1,GDN/copies_zero_layout,0.016279599999999998,24.0,per decode step
decode,norm_quant_pdl,1,GDN/causal_conv,0.047353724999999694,24.0,per decode step
decode,norm_quant_pdl,1,GDN/recurrence,0.11018900000000056,24.0,per decode step
decode,norm_quant_pdl,1,GDN/gated_RMSNorm,0.03076694999999966,24.0,per decode step
decode,norm_quant_pdl,1,other/fused_residual_RMSNorm_quantization,0.08096534999999946,32.0,per decode step
decode,norm_quant_pdl,1,other/fused_SwiGLU_quantization,0.03351699999999972,32.0,per decode step
decode,norm_quant_pdl,1,full_attention/QK_norm_RoPE_KV_cache_gate_layout,0.03282830000000012,24.0,per decode step
decode,norm_quant_pdl,1,full_attention/attention_core,0.15976124999999977,16.0,per decode step
decode,norm_quant_pdl,1,GEMM/BF16_lm_head,0.8013859249999997,1.0,per decode step
decode,norm_quant_pdl,16,other/embedding_SwiGLU_sampling_scheduler_misc,0.03361567499999999,16.0,per decode step
decode,norm_quant_pdl,16,other/residual_RMSNorm,0.11867335000000032,33.0,per decode step
decode,norm_quant_pdl,16,other/activation_quantization,0.10342052499999968,64.0,per decode step
decode,norm_quant_pdl,16,GEMM/MXFP8_projections,2.7465482000000034,128.0,per decode step
decode,norm_quant_pdl,16,GEMM/BF16_BA_projection,0.11038652499999799,48.0,per decode step
decode,norm_quant_pdl,16,GDN/copies_zero_layout,0.1284293999999973,96.0,per decode step
decode,norm_quant_pdl,16,GDN/causal_conv,0.056447950000000024,24.0,per decode step
decode,norm_quant_pdl,16,GDN/recurrence,0.6182869,24.0,per decode step
decode,norm_quant_pdl,16,GDN/gated_RMSNorm,0.039921675,24.0,per decode step
decode,norm_quant_pdl,16,other/fused_residual_RMSNorm_quantization,0.08381647499999999,32.0,per decode step
decode,norm_quant_pdl,16,other/fused_SwiGLU_quantization,1.0353735500000005,32.0,per decode step
decode,norm_quant_pdl,16,full_attention/QK_norm_RoPE_KV_cache_gate_layout,0.03921967500000019,24.0,per decode step
decode,norm_quant_pdl,16,full_attention/attention_core,1.0554597000000006,16.0,per decode step
decode,norm_quant_pdl,16,GEMM/BF16_lm_head,0.76714975,1.0,per decode step
decode,norm_quant_pdl,32,other/embedding_SwiGLU_sampling_scheduler_misc,0.03862702500000005,16.0,per decode step
decode,norm_quant_pdl,32,other/residual_RMSNorm,0.07692454999999994,33.0,per decode step
decode,norm_quant_pdl,32,other/activation_quantization,0.10947794999999849,64.0,per decode step
decode,norm_quant_pdl,32,GEMM/MXFP8_projections,2.7767022250000037,128.0,per decode step
decode,norm_quant_pdl,32,GEMM/BF16_BA_projection,0.1108430500000008,48.0,per decode step
decode,norm_quant_pdl,32,GDN/copies_zero_layout,0.13723109999999666,96.0,per decode step
decode,norm_quant_pdl,32,GDN/causal_conv,0.07709620000000035,24.0,per decode step
decode,norm_quant_pdl,32,GDN/recurrence,1.4475320000000003,24.0,per decode step
decode,norm_quant_pdl,32,GDN/gated_RMSNorm,0.0447889000000001,24.0,per decode step
decode,norm_quant_pdl,32,other/fused_residual_RMSNorm_quantization,0.102281425,32.0,per decode step
decode,norm_quant_pdl,32,other/fused_SwiGLU_quantization,1.0624238499999972,32.0,per decode step
decode,norm_quant_pdl,32,full_attention/QK_norm_RoPE_KV_cache_gate_layout,0.04313340000000014,24.0,per decode step
decode,norm_quant_pdl,32,full_attention/attention_core,2.043053525000004,16.0,per decode step
decode,norm_quant_pdl,32,GEMM/BF16_lm_head,0.787212675,1.0,per decode step
decode,nvfp4_head_pdl,1,other/embedding_SwiGLU_sampling_scheduler_misc,0.05998715000000008,30.0,per decode step
decode,nvfp4_head_pdl,1,other/residual_RMSNorm,0.13319657500000226,65.0,per decode step
decode,nvfp4_head_pdl,1,other/activation_quantization,0.15404852499999194,96.0,per decode step
decode,nvfp4_head_pdl,1,GEMM/MXFP8_projections,2.609079024999994,128.0,per decode step
decode,nvfp4_head_pdl,1,GEMM/BF16_BA_projection,0.06472989999999991,24.0,per decode step
decode,nvfp4_head_pdl,1,GDN/copies_zero_layout,0.016190849999999986,24.0,per decode step
decode,nvfp4_head_pdl,1,GDN/causal_conv,0.04720747499999958,24.0,per decode step
decode,nvfp4_head_pdl,1,GDN/recurrence,0.10918497500000073,24.0,per decode step
decode,nvfp4_head_pdl,1,GDN/gated_RMSNorm,0.030644849999999828,24.0,per decode step
decode,nvfp4_head_pdl,1,other/fused_SwiGLU_quantization,0.03378872499999967,32.0,per decode step
decode,nvfp4_head_pdl,1,full_attention/QK_norm_RoPE_KV_cache_gate_layout,0.03278500000000011,24.0,per decode step
decode,nvfp4_head_pdl,1,full_attention/attention_core,0.15979699999999974,16.0,per decode step
decode,nvfp4_head_pdl,1,GEMM/NVFP4_lm_head,0.21703672499999999,1.0,per decode step
decode,nvfp4_head_pdl,1,GEMM/BF16_lm_head_refinement,0.0022527499999999995,1.0,per decode step
decode,nvfp4_head_pdl,16,other/embedding_SwiGLU_sampling_scheduler_misc,0.06452710000000006,30.0,per decode step
decode,nvfp4_head_pdl,16,other/residual_RMSNorm,0.1946344500000007,65.0,per decode step
decode,nvfp4_head_pdl,16,other/activation_quantization,0.16243489999999566,96.0,per decode step
decode,nvfp4_head_pdl,16,GEMM/MXFP8_projections,2.7317321500000054,128.0,per decode step
decode,nvfp4_head_pdl,16,GEMM/BF16_BA_projection,0.1101998999999981,48.0,per decode step
decode,nvfp4_head_pdl,16,GDN/copies_zero_layout,0.12985854999999666,96.0,per decode step
decode,nvfp4_head_pdl,16,GDN/causal_conv,0.05622834999999998,24.0,per decode step
decode,nvfp4_head_pdl,16,GDN/recurrence,0.6169777,24.0,per decode step
decode,nvfp4_head_pdl,16,GDN/gated_RMSNorm,0.039204824999999964,24.0,per decode step
decode,nvfp4_head_pdl,16,other/fused_SwiGLU_quantization,1.0257490999999985,32.0,per decode step
decode,nvfp4_head_pdl,16,full_attention/QK_norm_RoPE_KV_cache_gate_layout,0.03852045000000004,24.0,per decode step
decode,nvfp4_head_pdl,16,full_attention/attention_core,1.0549260000000011,16.0,per decode step
decode,nvfp4_head_pdl,16,GEMM/NVFP4_lm_head,0.221589125,1.0,per decode step
decode,nvfp4_head_pdl,16,GEMM/BF16_lm_head_refinement,0.006836699999999999,1.0,per decode step
decode,nvfp4_head_pdl,32,other/embedding_SwiGLU_sampling_scheduler_misc,0.08015462500000001,30.0,per decode step
decode,nvfp4_head_pdl,32,other/residual_RMSNorm,0.16579084999999957,65.0,per decode step
decode,nvfp4_head_pdl,32,other/activation_quantization,0.17109112499999818,96.0,per decode step
decode,nvfp4_head_pdl,32,GEMM/MXFP8_projections,2.7444468500000028,128.0,per decode step
decode,nvfp4_head_pdl,32,GEMM/BF16_BA_projection,0.11040762500000065,48.0,per decode step
decode,nvfp4_head_pdl,32,GDN/copies_zero_layout,0.13815812499999722,96.0,per decode step
decode,nvfp4_head_pdl,32,GDN/causal_conv,0.07724915000000013,24.0,per decode step
decode,nvfp4_head_pdl,32,GDN/recurrence,1.4580900250000004,24.0,per decode step
decode,nvfp4_head_pdl,32,GDN/gated_RMSNorm,0.045349575000000086,24.0,per decode step
decode,nvfp4_head_pdl,32,other/fused_SwiGLU_quantization,1.0629246249999984,32.0,per decode step
decode,nvfp4_head_pdl,32,full_attention/QK_norm_RoPE_KV_cache_gate_layout,0.0428727000000001,24.0,per decode step
decode,nvfp4_head_pdl,32,full_attention/attention_core,2.0414072750000023,16.0,per decode step
decode,nvfp4_head_pdl,32,GEMM/NVFP4_lm_head,0.22328182500000002,1.0,per decode step
decode,nvfp4_head_pdl,32,GEMM/BF16_lm_head_refinement,0.011035874999999999,1.0,per decode step
decode,pdl,1,other/embedding_SwiGLU_sampling_scheduler_misc,0.030499475000000033,16.0,per decode step
decode,pdl,1,other/residual_RMSNorm,0.13591572500000174,65.0,per decode step
decode,pdl,1,other/activation_quantization,0.15292897499999164,96.0,per decode step
decode,pdl,1,GEMM/MXFP8_projections,2.6115391999999966,128.0,per decode step
decode,pdl,1,GEMM/BF16_BA_projection,0.06452852499999975,24.0,per decode step
decode,pdl,1,GDN/copies_zero_layout,0.016234500000000037,24.0,per decode step
decode,pdl,1,GDN/causal_conv,0.04709369999999955,24.0,per decode step
decode,pdl,1,GDN/recurrence,0.10939150000000068,24.0,per decode step
decode,pdl,1,GDN/gated_RMSNorm,0.03071039999999976,24.0,per decode step
decode,pdl,1,other/fused_SwiGLU_quantization,0.03372664999999965,32.0,per decode step
decode,pdl,1,full_attention/QK_norm_RoPE_KV_cache_gate_layout,0.03280197500000013,24.0,per decode step
decode,pdl,1,full_attention/attention_core,0.15974052500000002,16.0,per decode step
decode,pdl,1,GEMM/BF16_lm_head,0.8012612500000001,1.0,per decode step
decode,pdl,16,other/embedding_SwiGLU_sampling_scheduler_misc,0.030958350000000006,16.0,per decode step
decode,pdl,16,other/residual_RMSNorm,0.19468952500000117,65.0,per decode step
decode,pdl,16,other/activation_quantization,0.16349654999999602,96.0,per decode step
decode,pdl,16,GEMM/MXFP8_projections,2.7268957249999923,128.0,per decode step
decode,pdl,16,GEMM/BF16_BA_projection,0.1105120249999979,48.0,per decode step
decode,pdl,16,GDN/copies_zero_layout,0.13052247499999678,96.0,per decode step
decode,pdl,16,GDN/causal_conv,0.05613612499999996,24.0,per decode step
decode,pdl,16,GDN/recurrence,0.6203283999999999,24.0,per decode step
decode,pdl,16,GDN/gated_RMSNorm,0.039443375000000044,24.0,per decode step
decode,pdl,16,other/fused_SwiGLU_quantization,1.0263910999999992,32.0,per decode step
decode,pdl,16,full_attention/QK_norm_RoPE_KV_cache_gate_layout,0.03913325000000017,24.0,per decode step
decode,pdl,16,full_attention/attention_core,1.0563509499999992,16.0,per decode step
decode,pdl,16,GEMM/BF16_lm_head,0.7666520250000002,1.0,per decode step
decode,pdl,32,other/embedding_SwiGLU_sampling_scheduler_misc,0.045280575,16.0,per decode step
decode,pdl,32,other/residual_RMSNorm,0.16739987500000023,65.0,per decode step
decode,pdl,32,other/activation_quantization,0.17070379999999902,96.0,per decode step
decode,pdl,32,GEMM/MXFP8_projections,2.757476675000009,128.0,per decode step
decode,pdl,32,GEMM/BF16_BA_projection,0.11097210000000068,48.0,per decode step
decode,pdl,32,GDN/copies_zero_layout,0.13539514999999708,96.0,per decode step
decode,pdl,32,GDN/causal_conv,0.07753695000000033,24.0,per decode step
decode,pdl,32,GDN/recurrence,1.44726915,24.0,per decode step
decode,pdl,32,GDN/gated_RMSNorm,0.04548482500000001,24.0,per decode step
decode,pdl,32,other/fused_SwiGLU_quantization,1.0686370500000006,32.0,per decode step
decode,pdl,32,full_attention/QK_norm_RoPE_KV_cache_gate_layout,0.04285385000000016,24.0,per decode step
decode,pdl,32,full_attention/attention_core,2.0426474499999983,16.0,per decode step
decode,pdl,32,GEMM/BF16_lm_head,0.7871167,1.0,per decode step
